date,q025,q050,q100,q250,q500,q750,q900,q950,q975
2026-10-11,0.0,0.0,0.0,117.66410571759823,151.73093112701306,746.6306304931641,1815.2378008949797,2226.1547425330377,2257.777795316935
2026-10-18,0.0,0.0,0.0,117.66410571759823,151.73093112701306,861.8124542236328,2037.4857780088498,2504.740723318703,2575.534303092162
2026-10-25,0.0,0.0,0.0,117.66410571759823,151.73093112701306,1121.3090362548828,2461.800604761981,2996.95413701937,3127.820435904662
2026-11-01,0.0,0.0,0.0,117.66410571759823,151.73093112701306,1376.5606842041016,2890.8865616482417,3495.611560336494,3693.713746451537
2026-11-08,0.0,0.0,0.0,117.66410571759823,151.73093112701306,1823.255874633789,3536.62604036606,4233.896466932179,4446.476930045287
2026-11-15,0.0,0.0,0.0,117.66410571759823,151.73093112701306,2382.569595336914,4358.412170325924,5181.99458763823,5473.896851920287
2026-11-22,0.0,0.0,117.66410571759823,151.73093112701306,419.73779296875,3383.278091430664,5735.12465048142,6731.083379148753,6876.003297232787
2026-11-29,0.0,0.0,117.66410571759823,151.73093112701306,1032.822265625,4816.784439086914,7886.662750817666,9177.34841737684,9273.307984732786
2026-12-06,0.0,0.0,117.66410571759823,151.73093112701306,1822.9296875,7041.891128540039,11109.823642648174,12866.61786524389,13064.628297232786
2026-12-13,0.0,0.0,117.66410571759823,151.73093112701306,2860.978759765625,8813.364273071289,14169.672294146272,16313.789727722868,16368.343140982786
2026-12-20,0.0,117.66410571759823,126.86456298828125,151.73093112701306,4223.066162109375,12554.357681274414,19565.493935630973,22482.367934099475,22500.700562857786
2026-12-27,0.0,117.66410571759823,151.73093112701306,1137.8469848632812,6755.414306640625,17513.430923461914,26256.096876071675,29277.488482767414,29985.823654619857
2027-01-03,117.66410571759823,151.73093112701306,1350.7302734375,2661.7391967773438,8796.365966796875,21771.526626586914,31049.595884271257,35081.91426401741,35306.6377776172
2027-01-10,117.66410571759823,151.73093112701306,3210.2239257812503,5089.693298339844,12530.360107421875,27613.845962524414,37917.37833864796,41824.65254526741,42774.77101091605
2027-01-17,117.66410571759823,151.73093112701306,4240.49541015625,7014.934020996094,16335.518310546875,33410.807876586914,45102.04444740376,48121.06270151741,50606.86125952704
2027-01-24,117.66410571759823,151.73093112701306,4870.83037109375,8153.506042480469,18394.778076171875,36358.113540649414,48747.132140083544,51222.52363901741,54555.75155018896
2027-01-31,117.66410571759823,151.73093112701306,4947.71171875,9098.553161621094,20879.231201171875,40309.663345336914,53894.72461384678,55449.25801401741,60213.53093587355
2027-02-07,117.66410571759823,151.73093112701306,7121.48369140625,11405.479919433594,23524.092529296875,42872.262954711914,56384.52822379865,57381.41035776741,62673.629596874445
2027-02-14,117.66410571759823,151.73093112701306,7517.60966796875,12033.741149902344,24583.053466796875,44191.026626586914,58062.24916392872,58741.72285776741,64469.88855309027
2027-02-21,117.66410571759823,151.73093112701306,7385.76982421875,11641.520446777344,24448.571044921875,43871.983657836914,57565.760990282295,58045.78535776741,63904.04967247472
2027-02-28,117.66410571759823,151.73093112701306,6769.08525390625,11369.658142089844,24182.940185546875,43490.825454711914,57796.69197844506,58202.87129526741,64230.10874910604
2027-03-07,117.66410571759823,151.73093112701306,6934.4080078125,11739.337341308594,25289.844482421875,45184.579360961914,59819.930980976365,60022.64538976171,66534.42270399834
2027-03-14,117.66410571759823,151.73093112701306,7939.99931640625,12084.886169433594,24310.781982421875,42900.544204711914,56524.250434991525,57191.78535776741,62689.41003257258
2027-03-21,117.66410571759823,151.73093112701306,7245.7458984375,11260.620544433594,23314.772216796875,41204.516860961914,54890.04443806898,55503.05879526741,60932.942553314635
2027-03-28,117.66410571759823,151.73093112701306,7497.11162109375,11265.746520996094,22593.645263671875,39589.282485961914,52772.40031148397,53578.29317026741,58547.762751398346
2027-04-04,117.66410571759823,151.73093112701306,6400.08916015625,10046.695251464844,20499.145263671875,36402.610610961914,49307.487478095245,50345.81660776741,54820.31514233267
2027-04-11,117.66410571759823,151.73093112701306,4310.88017578125,8159.802185058594,18251.373779296875,33191.983657836914,46316.711653316146,47098.81660776741,51687.199379483514
2027-04-18,117.66410571759823,151.73093112701306,2727.6902343750003,5797.704284667969,13961.311279296875,26538.827407836914,38121.468769624815,39430.35567026741,42743.82744224618
2027-04-25,117.66410571759823,151.73093112701306,1995.295947265625,4388.350280761719,10828.390380859375,21109.900650024414,31103.944157491173,32644.754107767414,34982.11572114687
2027-05-02,117.66410571759823,151.73093112701306,1607.348681640625,3398.4479370117188,8514.780029296875,16957.831314086914,25383.762392510107,26948.496295267414,28609.325165544797
2027-05-09,117.66410571759823,151.73093112701306,1294.7206298828125,2232.6102905273438,5717.413818359375,11906.640884399414,18031.19565452154,19537.699420267414,20384.102743520034
2027-05-16,117.66410571759823,151.73093112701306,633.9130126953125,1189.1666870117188,4023.712646484375,8769.924331665039,13569.936833544903,14564.328326517412,15392.65323191536
2027-05-23,117.66410571759823,151.73093112701306,366.0259277343751,381.12939453125,2190.050537109375,5435.874771118164,8549.109479037812,9330.021685892412,9761.249493205112
2027-05-30,0.0,0.0,117.66410571759823,151.73093112701306,1177.079833984375,3664.719253540039,5783.456832688371,6225.836139017413,6659.82944189083
2027-06-06,0.0,117.66410571759823,151.73093112701306,420.98472900390635,528.5732421875,2206.8888092041016,3360.5651696369496,3880.771252826496,3905.148316764037
2027-06-13,0.0,0.0,117.66410571759823,151.73093112701306,162.0205078125,1878.7154693603516,3203.1113303937263,3610.7116272986627,3779.6165966273984
2027-06-20,0.0,0.0,0.0,117.66410571759823,151.73093112701306,1479.290786743164,2689.3238896116136,2956.9364808142877,3200.5550777385492
2027-06-27,0.0,0.0,0.0,117.66410571759823,151.73093112701306,1121.811294555664,2224.1923523858686,2501.3002503455377,2690.879100399021
2027-07-04,0.0,0.0,0.0,117.66410571759823,151.73093112701306,775.2215728759766,1745.400639931938,2081.2372620642877,2169.2980211947825
2027-07-11,0.0,0.0,0.0,117.66410571759823,151.73093112701306,573.8274688720703,1453.41021342172,1782.800250345538,1841.4437812870744
2027-07-18,0.0,0.0,0.0,117.66410571759823,151.73093112701306,370.95225524902344,1072.685271797134,1345.9895814002255,1400.2880080390908
2027-07-25,0.0,0.0,0.0,117.66410571759823,151.73093112701306,328.52549743652344,1032.6069986591278,1320.3575013221005,1353.167439600247
2027-08-01,0.0,0.0,0.0,0.0,117.66410571759823,151.73093112701306,420.8883774226442,624.9774916520046,768.6914075843495
2027-08-08,0.0,0.0,0.0,117.66410571759823,129.62794494628906,151.73093112701306,548.0255754986202,767.2664688611801,831.1762708655995
2027-08-15,0.0,0.0,0.0,49.75654602050781,117.66410571759823,154.13196847533143,440.1033078858559,637.0814537008885,677.7384656898182
2027-08-22,0.0,0.0,0.0,52.30738830566406,117.66410571759823,151.73093112701306,342.65927081576046,534.6864729967217,618.0141614905995
2027-08-29,0.0,0.0,0.0,42.48683166503906,287.93341610087066,334.4336865160377,373.6759794935872,467.2798646033504,516.5020532557644
2027-09-05,0.0,0.0,0.0,117.66410571759823,157.61437921059567,230.9778594970703,589.012864924029,799.9210040599655,868.030885123412
2027-09-12,0.0,0.0,0.0,190.257379344143,304.5945361272909,304.8282012939453,563.8757255854589,758.297308750243,818.7121595374745
2027-09-19,0.0,0.0,56.6766845703126,189.36199127686044,317.12731130265695,423.8730010986328,716.5966125194677,924.4463589269005,1000.138306998412
2027-09-26,0.0,0.0,86.6827880859376,251.38158307009374,331.9115753173828,372.5042493915022,702.6251920087475,903.8322847117925,976.113160514037
2027-10-03,0.0,0.0,0.0,117.66410571759823,151.73093112701306,430.53260803222656,817.8356703044162,1061.4552741470598,1156.7924818030995
